{"n_iterations": 4000, "save_stat_period": 10000, "save_archive_period": 100000, "nb_reeval": 50, "master_seed": 45368, "num_workers": 30, "batch_size": 5, "eval_batches_per_step": 30, "eval_batch_size": 1, "noise_std": 0.02, "fitness_normalization": "centered_ranks", "env_args": {"use_norm_obs": true}, "optimizer_args": {"optimizer": "adam", "learning_rate": 0.01, "l2_coeff": 0.005, "divide_gradient_by_noise_std": false}, "policy_args": {"init": "normc", "layers": [128, 128], "activation": "tanh", "action_noise": 0.01}, "novelty_args": {"k": 10, "nses_selection_method": "nov_prob", "nses_pop_size": 5}, "mees_args": {"nb_consecutive_steps": 10, "explore_strategy": "novelty_bias", "exploit_strategy": "best2inlast5_or_best", "strategy_explore_exploit": "robin"}, "env_id": "QDHalfCheetahBulletEnv-v0", "log_dir": "/home/results/results_HalfCheetah_MAP-Elites-ES/results_HalfCheetah_MAP-Elites-ES.21", "algo": "mees_explore_exploit", "time": "2022-03-04 04:23:37.910006"}